,Envs,R
1,env3,0.0459916150415357
2,env4,-0.0592592286336267
3,env5,0.0691089530270237
4,env6,-0.0550294868815215
5,env7,0.128490572545711
6,env8,-0.0555615151043191
7,env9,0.00979627836860645
8,env10,-0.0294606374397909
9,env11,-0.0288141034079462
10,env12,-0.0699419585433494
